{"get":"players","parameters":{"league":"4","season":"2020"},"errors":[],"results":20,"paging":{"current":1,"total":27},"response":[{"player":{"id":30987,"name":"S. V\u00e4is\u00e4nen","firstname":"Sauli Aapo Kasperi","lastname":"V\u00e4is\u00e4nen","age":27,"birth":{"date":"1994-06-05","place":"Helsinki","country":"Finland"},"nationality":"Finland","height":"188 cm","weight":"77 kg","injured":false,"photo":"https:\/\/media.api-sports.io\/football\/players\/30987.png"},"statistics":[{"team":{"id":1099,"name":"Finland","logo":"https:\/\/media.api-sports.io\/football\/teams\/1099.png"},"league":{"id":4,"name":"Euro Championship","country":"World","logo":"https:\/\/media.api-sports.io\/football\/leagues\/4.png","flag":null,"season":2020},"games":{"appearences":0,"lineups":0,"minutes":0,"number":null,"position":"Defender","rating":"6.700000","captain":false},"substitutes":{"in":0,"out":0,"bench":0},"shots":{"total":2,"on":1},"goals":{"total":0,"conceded":null,"assists":null,"saves":null},"passes":{"total":224,"key":2,"accuracy":86},"tackles":{"total":null,"blocks":9,"interceptions":7},"duels":{"total":8,"won":4},"dribbles":{"attempts":1,"success":0,"past":null},"fouls":{"drawn":3,"committed":7},"cards":{"yellow":0,"yellowred":0,"red":0},"penalty":{"won":null,"commited":1,"scored":0,"missed":0,"saved":null}}]},{"player":{"id":2801,"name":"J. Omlin","firstname":"Jonas","lastname":"Omlin","age":27,"birth":{"date":"1994-01-10","place":"Sarnen","country":"Switzerland"},"nationality":"Switzerland","height":"189 cm","weight":"80 kg","injured":false,"photo":"https:\/\/media.api-sports.io\/football\/players\/2801.png"},"statistics":[{"team":{"id":15,"name":"Switzerland","logo":"https:\/\/media.api-sports.io\/football\/teams\/15.png"},"league":{"id":4,"name":"Euro Championship","country":"World","logo":"https:\/\/media.api-sports.io\/football\/leagues\/4.png","flag":null,"season":2020},"games":{"appearences":0,"lineups":0,"minutes":0,"number":null,"position":"Goalkeeper","rating":null,"captain":false},"substitutes":{"in":0,"out":0,"bench":1},"shots":{"total":null,"on":null},"goals":{"total":0,"conceded":0,"assists":null,"saves":null},"passes":{"total":null,"key":null,"accuracy":null},"tackles":{"total":null,"blocks":null,"interceptions":null},"duels":{"total":null,"won":null},"dribbles":{"attempts":null,"success":null,"past":null},"fouls":{"drawn":null,"committed":null},"cards":{"yellow":0,"yellowred":0,"red":0},"penalty":{"won":null,"commited":null,"scored":0,"missed":0,"saved":0}}]},{"player":{"id":2920,"name":"T. Castagne","firstname":"Timothy","lastname":"Castagne","age":26,"birth":{"date":"1995-12-05","place":"Arlon","country":"Belgium"},"nationality":"Belgium","height":"185 cm","weight":"80 kg","injured":false,"photo":"https:\/\/media.api-sports.io\/football\/players\/2920.png"},"statistics":[{"team":{"id":1,"name":"Belgium","logo":"https:\/\/media.api-sports.io\/football\/teams\/1.png"},"league":{"id":4,"name":"Euro Championship","country":"World","logo":"https:\/\/media.api-sports.io\/football\/leagues\/4.png","flag":null,"season":2020},"games":{"appearences":1,"lineups":1,"minutes":27,"number":null,"position":"Defender","rating":"7.283333","captain":false},"substitutes":{"in":0,"out":1,"bench":0},"shots":{"total":6,"on":2},"goals":{"total":0,"conceded":0,"assists":2,"saves":null},"passes":{"total":268,"key":11,"accuracy":75},"tackles":{"total":4,"blocks":0,"interceptions":3},"duels":{"total":32,"won":14},"dribbles":{"attempts":6,"success":3,"past":null},"fouls":{"drawn":8,"committed":6},"cards":{"yellow":0,"yellowred":0,"red":0},"penalty":{"won":null,"commited":null,"scored":0,"missed":0,"saved":null}}]},{"player":{"id":19319,"name":"M. Olsson","firstname":"Martin Tony","lastname":"Waikwa Olsson","age":33,"birth":{"date":"1988-05-17","place":"G\u00e4vle","country":"Sweden"},"nationality":"Sweden","height":"178 cm","weight":"81 kg","injured":false,"photo":"https:\/\/media.api-sports.io\/football\/players\/19319.png"},"statistics":[{"team":{"id":5,"name":"Sweden","logo":"https:\/\/media.api-sports.io\/football\/teams\/5.png"},"league":{"id":4,"name":"Euro Championship","country":"World","logo":"https:\/\/media.api-sports.io\/football\/leagues\/4.png","flag":null,"season":2020},"games":{"appearences":0,"lineups":0,"minutes":0,"number":null,"position":"Defender","rating":null,"captain":false},"substitutes":{"in":0,"out":0,"bench":0},"shots":{"total":null,"on":null},"goals":{"total":0,"conceded":null,"assists":null,"saves":null},"passes":{"total":null,"key":null,"accuracy":null},"tackles":{"total":null,"blocks":null,"interceptions":null},"duels":{"total":null,"won":null},"dribbles":{"attempts":null,"success":null,"past":null},"fouls":{"drawn":null,"committed":null},"cards":{"yellow":0,"yellowred":0,"red":0},"penalty":{"won":null,"commited":null,"scored":null,"missed":null,"saved":null}}]},{"player":{"id":30535,"name":"S. Sensi","firstname":"Stefano","lastname":"Sensi","age":26,"birth":{"date":"1995-08-05","place":"Urbino","country":"Italy"},"nationality":"Italy","height":"168 cm","weight":"62 kg","injured":false,"photo":"https:\/\/media.api-sports.io\/football\/players\/30535.png"},"statistics":[{"team":{"id":768,"name":"Italy","logo":"https:\/\/media.api-sports.io\/football\/teams\/768.png"},"league":{"id":4,"name":"Euro Championship","country":"World","logo":"https:\/\/media.api-sports.io\/football\/leagues\/4.png","flag":null,"season":2020},"games":{"appearences":0,"lineups":0,"minutes":0,"number":null,"position":"Midfielder","rating":"7.333333","captain":false},"substitutes":{"in":0,"out":0,"bench":0},"shots":{"total":10,"on":2},"goals":{"total":0,"conceded":null,"assists":1,"saves":null},"passes":{"total":148,"key":10,"accuracy":90},"tackles":{"total":4,"blocks":0,"interceptions":2},"duels":{"total":10,"won":4},"dribbles":{"attempts":3,"success":1,"past":null},"fouls":{"drawn":5,"committed":4},"cards":{"yellow":0,"yellowred":0,"red":0},"penalty":{"won":null,"commited":1,"scored":0,"missed":0,"saved":null}}]},{"player":{"id":855,"name":"Jo\u00e3o Cancelo","firstname":"Jo\u00e3o Pedro","lastname":"Cavaco Cancelo","age":27,"birth":{"date":"1994-05-27","place":"Barreiro","country":"Portugal"},"nationality":"Portugal","height":"182 cm","weight":"74 kg","injured":false,"photo":"https:\/\/media.api-sports.io\/football\/players\/855.png"},"statistics":[{"team":{"id":27,"name":"Portugal","logo":"https:\/\/media.api-sports.io\/football\/teams\/27.png"},"league":{"id":4,"name":"Euro Championship","country":"World","logo":"https:\/\/media.api-sports.io\/football\/leagues\/4.png","flag":null,"season":2020},"games":{"appearences":0,"lineups":0,"minutes":0,"number":null,"position":"Defender","rating":"7.325000","captain":false},"substitutes":{"in":0,"out":0,"bench":0},"shots":{"total":3,"on":0},"goals":{"total":0,"conceded":null,"assists":null,"saves":null},"passes":{"total":194,"key":2,"accuracy":87},"tackles":{"total":11,"blocks":1,"interceptions":7},"duels":{"total":30,"won":15},"dribbles":{"attempts":7,"success":3,"past":null},"fouls":{"drawn":4,"committed":5},"cards":{"yellow":0,"yellowred":0,"red":0},"penalty":{"won":null,"commited":null,"scored":0,"missed":0,"saved":null}}]},{"player":{"id":333,"name":"A. Milik","firstname":"Arkadiusz","lastname":"Milik","age":27,"birth":{"date":"1994-02-28","place":"Tychy","country":"Poland"},"nationality":"Poland","height":"186 cm","weight":"80 kg","injured":false,"photo":"https:\/\/media.api-sports.io\/football\/players\/333.png"},"statistics":[{"team":{"id":24,"name":"Poland","logo":"https:\/\/media.api-sports.io\/football\/teams\/24.png"},"league":{"id":4,"name":"Euro Championship","country":"World","logo":"https:\/\/media.api-sports.io\/football\/leagues\/4.png","flag":null,"season":2020},"games":{"appearences":0,"lineups":0,"minutes":0,"number":null,"position":"Attacker","rating":"7.000000","captain":false},"substitutes":{"in":0,"out":0,"bench":0},"shots":{"total":2,"on":1},"goals":{"total":0,"conceded":null,"assists":1,"saves":null},"passes":{"total":30,"key":5,"accuracy":76},"tackles":{"total":1,"blocks":0,"interceptions":1},"duels":{"total":12,"won":4},"dribbles":{"attempts":0,"success":0,"past":null},"fouls":{"drawn":2,"committed":3},"cards":{"yellow":0,"yellowred":0,"red":0},"penalty":{"won":null,"commited":null,"scored":0,"missed":0,"saved":null}}]},{"player":{"id":283,"name":"T. Alexander-Arnold","firstname":"Trent","lastname":"Alexander-Arnold","age":23,"birth":{"date":"1998-10-07","place":"Liverpool","country":"England"},"nationality":"England","height":"175 cm","weight":"69 kg","injured":false,"photo":"https:\/\/media.api-sports.io\/football\/players\/283.png"},"statistics":[{"team":{"id":10,"name":"England","logo":"https:\/\/media.api-sports.io\/football\/teams\/10.png"},"league":{"id":4,"name":"Euro Championship","country":"World","logo":"https:\/\/media.api-sports.io\/football\/leagues\/4.png","flag":null,"season":2020},"games":{"appearences":0,"lineups":0,"minutes":0,"number":null,"position":"Defender","rating":"6.833333","captain":false},"substitutes":{"in":0,"out":0,"bench":0},"shots":{"total":3,"on":1},"goals":{"total":0,"conceded":null,"assists":null,"saves":null},"passes":{"total":179,"key":1,"accuracy":88},"tackles":{"total":2,"blocks":0,"interceptions":4},"duels":{"total":null,"won":null},"dribbles":{"attempts":5,"success":1,"past":null},"fouls":{"drawn":0,"committed":1},"cards":{"yellow":0,"yellowred":0,"red":0},"penalty":{"won":null,"commited":null,"scored":0,"missed":0,"saved":null}}]},{"player":{"id":1220,"name":"Y. Zhirkov","firstname":"Yuri","lastname":"Zhirkov","age":38,"birth":{"date":"1983-08-20","place":"Tambov","country":"Russia"},"nationality":"Russia","height":"180 cm","weight":"75 kg","injured":false,"photo":"https:\/\/media.api-sports.io\/football\/players\/1220.png"},"statistics":[{"team":{"id":4,"name":"Russia","logo":"https:\/\/media.api-sports.io\/football\/teams\/4.png"},"league":{"id":4,"name":"Euro Championship","country":"World","logo":"https:\/\/media.api-sports.io\/football\/leagues\/4.png","flag":null,"season":2020},"games":{"appearences":1,"lineups":1,"minutes":43,"number":null,"position":"Defender","rating":"6.633333","captain":false},"substitutes":{"in":0,"out":1,"bench":0},"shots":{"total":9,"on":3},"goals":{"total":0,"conceded":0,"assists":null,"saves":null},"passes":{"total":129,"key":4,"accuracy":61},"tackles":{"total":4,"blocks":0,"interceptions":2},"duels":{"total":5,"won":4},"dribbles":{"attempts":3,"success":3,"past":null},"fouls":{"drawn":5,"committed":2},"cards":{"yellow":0,"yellowred":0,"red":0},"penalty":{"won":null,"commited":1,"scored":0,"missed":0,"saved":null}}]},{"player":{"id":43855,"name":"A. Mostovoy","firstname":"Andrey","lastname":"Mostovoy","age":24,"birth":{"date":"1997-11-05","place":"Omsk","country":"Russia"},"nationality":"Russia","height":"180 cm","weight":"77 kg","injured":false,"photo":"https:\/\/media.api-sports.io\/football\/players\/43855.png"},"statistics":[{"team":{"id":4,"name":"Russia","logo":"https:\/\/media.api-sports.io\/football\/teams\/4.png"},"league":{"id":4,"name":"Euro Championship","country":"World","logo":"https:\/\/media.api-sports.io\/football\/leagues\/4.png","flag":null,"season":2020},"games":{"appearences":0,"lineups":0,"minutes":0,"number":null,"position":"Midfielder","rating":null,"captain":false},"substitutes":{"in":0,"out":0,"bench":0},"shots":{"total":null,"on":null},"goals":{"total":0,"conceded":null,"assists":null,"saves":null},"passes":{"total":null,"key":null,"accuracy":null},"tackles":{"total":null,"blocks":null,"interceptions":null},"duels":{"total":null,"won":null},"dribbles":{"attempts":null,"success":null,"past":null},"fouls":{"drawn":null,"committed":null},"cards":{"yellow":0,"yellowred":0,"red":0},"penalty":{"won":null,"commited":null,"scored":null,"missed":null,"saved":null}}]},{"player":{"id":19088,"name":"D. Henderson","firstname":"Dean","lastname":"Henderson","age":24,"birth":{"date":"1997-03-12","place":"Whitehaven","country":"England"},"nationality":"England","height":"188 cm","weight":"85 kg","injured":false,"photo":"https:\/\/media.api-sports.io\/football\/players\/19088.png"},"statistics":[{"team":{"id":10,"name":"England","logo":"https:\/\/media.api-sports.io\/football\/teams\/10.png"},"league":{"id":4,"name":"Euro Championship","country":"World","logo":"https:\/\/media.api-sports.io\/football\/leagues\/4.png","flag":null,"season":2020},"games":{"appearences":0,"lineups":0,"minutes":0,"number":null,"position":"Goalkeeper","rating":null,"captain":false},"substitutes":{"in":0,"out":0,"bench":1},"shots":{"total":null,"on":null},"goals":{"total":0,"conceded":0,"assists":null,"saves":null},"passes":{"total":null,"key":null,"accuracy":null},"tackles":{"total":null,"blocks":null,"interceptions":null},"duels":{"total":null,"won":null},"dribbles":{"attempts":null,"success":null,"past":null},"fouls":{"drawn":null,"committed":null},"cards":{"yellow":0,"yellowred":0,"red":0},"penalty":{"won":null,"commited":null,"scored":0,"missed":0,"saved":0}}]},{"player":{"id":547,"name":"D. van de Beek","firstname":"Donny","lastname":"van de Beek","age":24,"birth":{"date":"1997-04-18","place":"Nijkerkerveen","country":"Netherlands"},"nationality":"Netherlands","height":"184 cm","weight":"76 kg","injured":false,"photo":"https:\/\/media.api-sports.io\/football\/players\/547.png"},"statistics":[{"team":{"id":1118,"name":"Netherlands","logo":"https:\/\/media.api-sports.io\/football\/teams\/1118.png"},"league":{"id":4,"name":"Euro Championship","country":"World","logo":"https:\/\/media.api-sports.io\/football\/leagues\/4.png","flag":null,"season":2020},"games":{"appearences":0,"lineups":0,"minutes":0,"number":null,"position":"Midfielder","rating":"6.400000","captain":false},"substitutes":{"in":0,"out":0,"bench":0},"shots":{"total":3,"on":0},"goals":{"total":0,"conceded":null,"assists":null,"saves":null},"passes":{"total":55,"key":2,"accuracy":84},"tackles":{"total":1,"blocks":0,"interceptions":0},"duels":{"total":null,"won":null},"dribbles":{"attempts":0,"success":0,"past":null},"fouls":{"drawn":0,"committed":2},"cards":{"yellow":0,"yellowred":0,"red":0},"penalty":{"won":null,"commited":null,"scored":0,"missed":0,"saved":null}}]},{"player":{"id":153,"name":"O. Demb\u00e9l\u00e9","firstname":"Ousmane","lastname":"Demb\u00e9l\u00e9","age":24,"birth":{"date":"1997-05-15","place":"Vernon","country":"France"},"nationality":"France","height":"178 cm","weight":"67 kg","injured":false,"photo":"https:\/\/media.api-sports.io\/football\/players\/153.png"},"statistics":[{"team":{"id":2,"name":"France","logo":"https:\/\/media.api-sports.io\/football\/teams\/2.png"},"league":{"id":4,"name":"Euro Championship","country":"World","logo":"https:\/\/media.api-sports.io\/football\/leagues\/4.png","flag":null,"season":2020},"games":{"appearences":2,"lineups":0,"minutes":30,"number":null,"position":"Attacker","rating":"6.200000","captain":false},"substitutes":{"in":2,"out":1,"bench":2},"shots":{"total":1,"on":null},"goals":{"total":0,"conceded":0,"assists":null,"saves":null},"passes":{"total":8,"key":1,"accuracy":6},"tackles":{"total":null,"blocks":null,"interceptions":null},"duels":{"total":5,"won":1},"dribbles":{"attempts":2,"success":null,"past":null},"fouls":{"drawn":1,"committed":null},"cards":{"yellow":0,"yellowred":0,"red":0},"penalty":{"won":null,"commited":null,"scored":0,"missed":0,"saved":null}}]},{"player":{"id":1622,"name":"G. Donnarumma","firstname":"Gianluigi","lastname":"Donnarumma","age":22,"birth":{"date":"1999-02-25","place":"Castellammare di Stabia","country":"Italy"},"nationality":"Italy","height":"196 cm","weight":"90 kg","injured":false,"photo":"https:\/\/media.api-sports.io\/football\/players\/1622.png"},"statistics":[{"team":{"id":768,"name":"Italy","logo":"https:\/\/media.api-sports.io\/football\/teams\/768.png"},"league":{"id":4,"name":"Euro Championship","country":"World","logo":"https:\/\/media.api-sports.io\/football\/leagues\/4.png","flag":null,"season":2020},"games":{"appearences":3,"lineups":3,"minutes":269,"number":null,"position":"Goalkeeper","rating":"6.950000","captain":false},"substitutes":{"in":0,"out":1,"bench":0},"shots":{"total":0,"on":0},"goals":{"total":0,"conceded":2,"assists":null,"saves":10},"passes":{"total":194,"key":0,"accuracy":62},"tackles":{"total":null,"blocks":0,"interceptions":1},"duels":{"total":1,"won":1},"dribbles":{"attempts":0,"success":0,"past":null},"fouls":{"drawn":1,"committed":0},"cards":{"yellow":0,"yellowred":0,"red":0},"penalty":{"won":null,"commited":null,"scored":0,"missed":0,"saved":0}}]},{"player":{"id":312,"name":"A. Meret","firstname":"Alex","lastname":"Meret","age":24,"birth":{"date":"1997-03-22","place":"Udine","country":"Italy"},"nationality":"Italy","height":"190 cm","weight":"82 kg","injured":false,"photo":"https:\/\/media.api-sports.io\/football\/players\/312.png"},"statistics":[{"team":{"id":768,"name":"Italy","logo":"https:\/\/media.api-sports.io\/football\/teams\/768.png"},"league":{"id":4,"name":"Euro Championship","country":"World","logo":"https:\/\/media.api-sports.io\/football\/leagues\/4.png","flag":null,"season":2020},"games":{"appearences":0,"lineups":0,"minutes":0,"number":null,"position":"Goalkeeper","rating":"6.000000","captain":false},"substitutes":{"in":0,"out":0,"bench":3},"shots":{"total":0,"on":0},"goals":{"total":0,"conceded":1,"assists":null,"saves":0},"passes":{"total":2,"key":0,"accuracy":100},"tackles":{"total":null,"blocks":0,"interceptions":0},"duels":{"total":null,"won":null},"dribbles":{"attempts":0,"success":0,"past":null},"fouls":{"drawn":0,"committed":0},"cards":{"yellow":0,"yellowred":0,"red":0},"penalty":{"won":null,"commited":null,"scored":0,"missed":0,"saved":0}}]},{"player":{"id":30495,"name":"S. Sirigu","firstname":"Salvatore","lastname":"Sirigu","age":34,"birth":{"date":"1987-01-12","place":"Nuoro","country":"Italy"},"nationality":"Italy","height":"192 cm","weight":"80 kg","injured":false,"photo":"https:\/\/media.api-sports.io\/football\/players\/30495.png"},"statistics":[{"team":{"id":768,"name":"Italy","logo":"https:\/\/media.api-sports.io\/football\/teams\/768.png"},"league":{"id":4,"name":"Euro Championship","country":"World","logo":"https:\/\/media.api-sports.io\/football\/leagues\/4.png","flag":null,"season":2020},"games":{"appearences":1,"lineups":0,"minutes":1,"number":null,"position":"Goalkeeper","rating":"7.300000","captain":false},"substitutes":{"in":1,"out":0,"bench":3},"shots":{"total":0,"on":0},"goals":{"total":0,"conceded":2,"assists":null,"saves":12},"passes":{"total":80,"key":0,"accuracy":78},"tackles":{"total":1,"blocks":0,"interceptions":0},"duels":{"total":1,"won":1},"dribbles":{"attempts":0,"success":0,"past":null},"fouls":{"drawn":0,"committed":0},"cards":{"yellow":0,"yellowred":0,"red":0},"penalty":{"won":null,"commited":null,"scored":0,"missed":0,"saved":0}}]},{"player":{"id":1836,"name":"F. Acerbi","firstname":"Francesco","lastname":"Acerbi","age":33,"birth":{"date":"1988-02-10","place":"Vizzolo Predabissi","country":"Italy"},"nationality":"Italy","height":"192 cm","weight":"88 kg","injured":false,"photo":"https:\/\/media.api-sports.io\/football\/players\/1836.png"},"statistics":[{"team":{"id":768,"name":"Italy","logo":"https:\/\/media.api-sports.io\/football\/teams\/768.png"},"league":{"id":4,"name":"Euro Championship","country":"World","logo":"https:\/\/media.api-sports.io\/football\/leagues\/4.png","flag":null,"season":2020},"games":{"appearences":2,"lineups":0,"minutes":110,"number":null,"position":"Defender","rating":"7.420000","captain":false},"substitutes":{"in":2,"out":0,"bench":3},"shots":{"total":2,"on":1},"goals":{"total":0,"conceded":0,"assists":null,"saves":null},"passes":{"total":382,"key":2,"accuracy":73},"tackles":{"total":5,"blocks":3,"interceptions":3},"duels":{"total":5,"won":4},"dribbles":{"attempts":2,"success":2,"past":null},"fouls":{"drawn":3,"committed":1},"cards":{"yellow":0,"yellowred":0,"red":0},"penalty":{"won":null,"commited":null,"scored":0,"missed":0,"saved":null}}]},{"player":{"id":31009,"name":"A. Bastoni","firstname":"Alessandro","lastname":"Bastoni","age":22,"birth":{"date":"1999-04-13","place":"Casalmaggiore","country":"Italy"},"nationality":"Italy","height":"190 cm","weight":"75 kg","injured":false,"photo":"https:\/\/media.api-sports.io\/football\/players\/31009.png"},"statistics":[{"team":{"id":768,"name":"Italy","logo":"https:\/\/media.api-sports.io\/football\/teams\/768.png"},"league":{"id":4,"name":"Euro Championship","country":"World","logo":"https:\/\/media.api-sports.io\/football\/leagues\/4.png","flag":null,"season":2020},"games":{"appearences":1,"lineups":1,"minutes":90,"number":null,"position":"Defender","rating":"7.300000","captain":false},"substitutes":{"in":0,"out":0,"bench":2},"shots":{"total":null,"on":null},"goals":{"total":0,"conceded":0,"assists":null,"saves":null},"passes":{"total":84,"key":3,"accuracy":78},"tackles":{"total":1,"blocks":null,"interceptions":null},"duels":{"total":16,"won":8},"dribbles":{"attempts":null,"success":null,"past":null},"fouls":{"drawn":null,"committed":5},"cards":{"yellow":0,"yellowred":0,"red":0},"penalty":{"won":null,"commited":null,"scored":0,"missed":0,"saved":null}}]},{"player":{"id":853,"name":"L. Bonucci","firstname":"Leonardo","lastname":"Bonucci","age":34,"birth":{"date":"1987-05-01","place":"Viterbo","country":"Italy"},"nationality":"Italy","height":"190 cm","weight":"85 kg","injured":false,"photo":"https:\/\/media.api-sports.io\/football\/players\/853.png"},"statistics":[{"team":{"id":768,"name":"Italy","logo":"https:\/\/media.api-sports.io\/football\/teams\/768.png"},"league":{"id":4,"name":"Euro Championship","country":"World","logo":"https:\/\/media.api-sports.io\/football\/leagues\/4.png","flag":null,"season":2020},"games":{"appearences":3,"lineups":3,"minutes":226,"number":null,"position":"Defender","rating":"7.333333","captain":false},"substitutes":{"in":0,"out":1,"bench":0},"shots":{"total":9,"on":1},"goals":{"total":0,"conceded":0,"assists":3,"saves":null},"passes":{"total":842,"key":10,"accuracy":80},"tackles":{"total":3,"blocks":7,"interceptions":15},"duels":{"total":25,"won":19},"dribbles":{"attempts":2,"success":2,"past":null},"fouls":{"drawn":4,"committed":4},"cards":{"yellow":0,"yellowred":0,"red":0},"penalty":{"won":null,"commited":null,"scored":0,"missed":0,"saved":null}}]},{"player":{"id":856,"name":"G. Chiellini","firstname":"Giorgio","lastname":"Chiellini","age":37,"birth":{"date":"1984-08-14","place":"Pisa","country":"Italy"},"nationality":"Italy","height":"187 cm","weight":"85 kg","injured":false,"photo":"https:\/\/media.api-sports.io\/football\/players\/856.png"},"statistics":[{"team":{"id":768,"name":"Italy","logo":"https:\/\/media.api-sports.io\/football\/teams\/768.png"},"league":{"id":4,"name":"Euro Championship","country":"World","logo":"https:\/\/media.api-sports.io\/football\/leagues\/4.png","flag":null,"season":2020},"games":{"appearences":2,"lineups":2,"minutes":114,"number":null,"position":"Defender","rating":"7.120000","captain":false},"substitutes":{"in":0,"out":1,"bench":0},"shots":{"total":5,"on":3},"goals":{"total":0,"conceded":0,"assists":null,"saves":null},"passes":{"total":371,"key":3,"accuracy":73},"tackles":{"total":3,"blocks":2,"interceptions":7},"duels":{"total":28,"won":17},"dribbles":{"attempts":0,"success":0,"past":null},"fouls":{"drawn":2,"committed":4},"cards":{"yellow":0,"yellowred":0,"red":0},"penalty":{"won":null,"commited":null,"scored":0,"missed":0,"saved":null}}]}]}